<?xml version="1.0" encoding="UTF-8" standalone="yes"?>
<pageorder>
	<page displayname="NonprofitColorado_2018_IssueII.pdf" file="pdf1.pdf" pageused="1"/>
	<page displayname="NonprofitColorado_2018_IssueII.pdf" file="pdf1.pdf" pageused="2"/>
	<page displayname="NonprofitColorado_2018_IssueII.pdf" file="pdf1.pdf" pageused="3"/>
	<page displayname="NonprofitColorado_2018_IssueII.pdf" file="pdf1.pdf" pageused="4"/>
	<page displayname="NonprofitColorado_2018_IssueII.pdf" file="pdf1.pdf" pageused="5"/>
	<page displayname="NonprofitColorado_2018_IssueII.pdf" file="pdf1.pdf" pageused="6"/>
	<page displayname="NonprofitColorado_2018_IssueII.pdf" file="pdf1.pdf" pageused="7"/>
	<page displayname="NonprofitColorado_2018_IssueII.pdf" file="pdf1.pdf" pageused="8"/>
	<page displayname="NonprofitColorado_2018_IssueII.pdf" file="pdf1.pdf" pageused="9"/>
	<page displayname="NonprofitColorado_2018_IssueII.pdf" file="pdf1.pdf" pageused="10"/>
	<page displayname="NonprofitColorado_2018_IssueII.pdf" file="pdf1.pdf" pageused="11"/>
	<page displayname="NonprofitColorado_2018_IssueII.pdf" file="pdf1.pdf" pageused="12"/>
	<page displayname="NonprofitColorado_2018_IssueII.pdf" file="pdf1.pdf" pageused="13"/>
	<page displayname="NonprofitColorado_2018_IssueII.pdf" file="pdf1.pdf" pageused="14"/>
	<page displayname="NonprofitColorado_2018_IssueII.pdf" file="pdf1.pdf" pageused="15"/>
	<page displayname="NonprofitColorado_2018_IssueII.pdf" file="pdf1.pdf" pageused="16"/>
	<page displayname="NonprofitColorado_2018_IssueII.pdf" file="pdf1.pdf" pageused="17"/>
	<page displayname="NonprofitColorado_2018_IssueII.pdf" file="pdf1.pdf" pageused="18"/>
	<page displayname="NonprofitColorado_2018_IssueII.pdf" file="pdf1.pdf" pageused="19"/>
	<page displayname="NonprofitColorado_2018_IssueII.pdf" file="pdf1.pdf" pageused="20"/>
	<page displayname="NonprofitColorado_2018_IssueII.pdf" file="pdf1.pdf" pageused="21"/>
	<page displayname="NonprofitColorado_2018_IssueII.pdf" file="pdf1.pdf" pageused="22"/>
	<page displayname="NonprofitColorado_2018_IssueII.pdf" file="pdf1.pdf" pageused="23"/>
	<page displayname="NonprofitColorado_2018_IssueII.pdf" file="pdf1.pdf" pageused="24"/>
	<page displayname="NonprofitColorado_2018_IssueII.pdf" file="pdf1.pdf" pageused="25"/>
	<page displayname="NonprofitColorado_2018_IssueII.pdf" file="pdf1.pdf" pageused="26"/>
	<page displayname="NonprofitColorado_2018_IssueII.pdf" file="pdf1.pdf" pageused="27"/>
	<page displayname="NonprofitColorado_2018_IssueII.pdf" file="pdf1.pdf" pageused="28"/>
	<page displayname="NonprofitColorado_2018_IssueII.pdf" file="pdf1.pdf" pageused="29"/>
	<page displayname="NonprofitColorado_2018_IssueII.pdf" file="pdf1.pdf" pageused="30"/>
	<page displayname="NonprofitColorado_2018_IssueII.pdf" file="pdf1.pdf" pageused="31"/>
	<page displayname="NonprofitColorado_2018_IssueII.pdf" file="pdf1.pdf" pageused="32"/>
	<page displayname="NonprofitColorado_2018_IssueII.pdf" file="pdf1.pdf" pageused="33"/>
	<page displayname="NonprofitColorado_2018_IssueII.pdf" file="pdf1.pdf" pageused="34"/>
	<page displayname="NonprofitColorado_2018_IssueII.pdf" file="pdf1.pdf" pageused="35"/>
	<page displayname="NonprofitColorado_2018_IssueII.pdf" file="pdf1.pdf" pageused="36"/>
	<page displayname="NonprofitColorado_2018_IssueII.pdf" file="pdf1.pdf" pageused="37"/>
	<page displayname="NonprofitColorado_2018_IssueII.pdf" file="pdf1.pdf" pageused="38"/>
	<page displayname="NonprofitColorado_2018_IssueII.pdf" file="pdf1.pdf" pageused="39"/>
	<page displayname="NonprofitColorado_2018_IssueII.pdf" file="pdf1.pdf" pageused="40"/>
	<page displayname="NonprofitColorado_2018_IssueII.pdf" file="pdf1.pdf" pageused="41"/>
	<page displayname="NonprofitColorado_2018_IssueII.pdf" file="pdf1.pdf" pageused="42"/>
	<page displayname="NonprofitColorado_2018_IssueII.pdf" file="pdf1.pdf" pageused="43"/>
	<page displayname="NonprofitColorado_2018_IssueII.pdf" file="pdf1.pdf" pageused="44"/>
	<page displayname="NonprofitColorado_2018_IssueII.pdf" file="pdf1.pdf" pageused="45"/>
	<page displayname="NonprofitColorado_2018_IssueII.pdf" file="pdf1.pdf" pageused="46"/>
	<page displayname="NonprofitColorado_2018_IssueII.pdf" file="pdf1.pdf" pageused="47"/>
	<page displayname="NonprofitColorado_2018_IssueII.pdf" file="pdf1.pdf" pageused="48"/>
	<page displayname="NonprofitColorado_2018_IssueII.pdf" file="pdf1.pdf" pageused="49"/>
	<page displayname="NonprofitColorado_2018_IssueII.pdf" file="pdf1.pdf" pageused="50"/>
	<page displayname="NonprofitColorado_2018_IssueII.pdf" file="pdf1.pdf" pageused="51"/>
	<page displayname="NonprofitColorado_2018_IssueII.pdf" file="pdf1.pdf" pageused="52"/>
	<page displayname="NonprofitColorado_2018_IssueII.pdf" file="pdf1.pdf" pageused="53"/>
	<page displayname="NonprofitColorado_2018_IssueII.pdf" file="pdf1.pdf" pageused="54"/>
	<page displayname="NonprofitColorado_2018_IssueII.pdf" file="pdf1.pdf" pageused="55"/>
	<page displayname="NonprofitColorado_2018_IssueII.pdf" file="pdf1.pdf" pageused="56"/>
	<page displayname="NonprofitColorado_2018_IssueII.pdf" file="pdf1.pdf" pageused="57"/>
	<page displayname="NonprofitColorado_2018_IssueII.pdf" file="pdf1.pdf" pageused="58"/>
	<page displayname="NonprofitColorado_2018_IssueII.pdf" file="pdf1.pdf" pageused="59"/>
	<page displayname="NonprofitColorado_2018_IssueII.pdf" file="pdf1.pdf" pageused="60"/>
	<page displayname="NonprofitColorado_2018_IssueII.pdf" file="pdf1.pdf" pageused="61"/>
	<page displayname="NonprofitColorado_2018_IssueII.pdf" file="pdf1.pdf" pageused="62"/>
	<page displayname="NonprofitColorado_2018_IssueII.pdf" file="pdf1.pdf" pageused="63"/>
	<page displayname="NonprofitColorado_2018_IssueII.pdf" file="pdf1.pdf" pageused="64"/>
	<page displayname="NonprofitColorado_2018_IssueII.pdf" file="pdf1.pdf" pageused="65"/>
	<page displayname="NonprofitColorado_2018_IssueII.pdf" file="pdf1.pdf" pageused="66"/>
	<page displayname="NonprofitColorado_2018_IssueII.pdf" file="pdf1.pdf" pageused="67"/>
	<page displayname="NonprofitColorado_2018_IssueII.pdf" file="pdf1.pdf" pageused="68"/>
	<page displayname="NonprofitColorado_2018_IssueII.pdf" file="pdf1.pdf" pageused="69"/>
	<page displayname="NonprofitColorado_2018_IssueII.pdf" file="pdf1.pdf" pageused="70"/>
	<page displayname="NonprofitColorado_2018_IssueII.pdf" file="pdf1.pdf" pageused="71"/>
	<page displayname="NonprofitColorado_2018_IssueII.pdf" file="pdf1.pdf" pageused="72"/>
	<page displayname="NonprofitColorado_2018_IssueII.pdf" file="pdf1.pdf" pageused="73"/>
	<page displayname="NonprofitColorado_2018_IssueII.pdf" file="pdf1.pdf" pageused="74"/>
	<page displayname="NonprofitColorado_2018_IssueII.pdf" file="pdf1.pdf" pageused="75"/>
	<page displayname="NonprofitColorado_2018_IssueII.pdf" file="pdf1.pdf" pageused="76"/>
	<page displayname="NonprofitColorado_2018_IssueII.pdf" file="pdf1.pdf" pageused="77"/>
	<page displayname="NonprofitColorado_2018_IssueII.pdf" file="pdf1.pdf" pageused="78"/>
	<page displayname="NonprofitColorado_2018_IssueII.pdf" file="pdf1.pdf" pageused="79"/>
	<page displayname="NonprofitColorado_2018_IssueII.pdf" file="pdf1.pdf" pageused="80"/>
	<page displayname="NonprofitColorado_2018_IssueII.pdf" file="pdf1.pdf" pageused="81"/>
	<page displayname="NonprofitColorado_2018_IssueII.pdf" file="pdf1.pdf" pageused="82"/>
	<page displayname="NonprofitColorado_2018_IssueII.pdf" file="pdf1.pdf" pageused="83"/>
	<page displayname="NonprofitColorado_2018_IssueII.pdf" file="pdf1.pdf" pageused="84"/>
	<page displayname="NonprofitColorado_2018_IssueII.pdf" file="pdf1.pdf" pageused="85"/>
	<page displayname="NonprofitColorado_2018_IssueII.pdf" file="pdf1.pdf" pageused="86"/>
	<page displayname="NonprofitColorado_2018_IssueII.pdf" file="pdf1.pdf" pageused="87"/>
	<page displayname="NonprofitColorado_2018_IssueII.pdf" file="pdf1.pdf" pageused="88"/>
</pageorder>